<?xml version="1.0" encoding="UTF-8" standalone="yes"?>
<addon id="repository.midarr" version="1.0.0" name="Midarr Labs repository" provider-name="midarrlabs">
    <extension point="xbmc.addon.repository" name="Midarr Labs repository">
        <dir>
            <info compressed="false">https://raw.githubusercontent.com/midarrlabs/repository.midarr/main/repo/addons.xml</info>
            <checksum>https://raw.githubusercontent.com/midarrlabs/repository.midarr/main/repo/addons.xml.md5</checksum>
            <datadir zip="true">https://raw.githubusercontent.com/midarrlabs/repository.midarr/main/repo/</datadir>
        </dir>
        <dir minversion="20.0">
            <info compressed="false">https://raw.githubusercontent.com/midarrlabs/repository.midarr/main/nexus/addons.xml</info>
            <checksum>https://raw.githubusercontent.com/midarrlabs/repository.midarr/main/nexus/addons.xml.md5</checksum>
            <datadir zip="true">https://raw.githubusercontent.com/midarrlabs/repository.midarr/main/nexus/</datadir>
        </dir>
    </extension>
    <extension point="xbmc.addon.metadata">
        <summary lang="en">Kodi repository for Midarr addons</summary>
        <description lang="en">Kodi repository for Midarr addons</description>
        <platform>all</platform>
    </extension>
</addon>