<?xml version="1.0" encoding="UTF-8"?>
<addon id="plugin.video.midarr" version="1.0.0" name="Midarr" provider-name="midarrlabs">
  <requires>
    <import addon="xbmc.python" version="3.0.0"/>
  </requires>
  <extension point="xbmc.python.pluginsource" library="addon.py">
    <provides>video</provides>
  </extension>
  <extension point="xbmc.addon.metadata">
    <summary lang="en">Midarr</summary>
    <description lang="en">Official Midarr for Kodi add-on</description>
    <disclaimer lang="en">https://github.com/midarrlabs/repository.midarr</disclaimer>
    <assets>
      <icon>icon.png</icon>
    </assets>
    <nofanart>true</nofanart>
  </extension>
</addon>
