<?xml version="1.0" encoding="UTF-8" standalone="yes"?>
<addon id="repository.midarr" name="Midarr Labs Repository" version="1.0.0" provider-name="midarrlabs">
    <extension point="xbmc.addon.repository" name="midarrlabs">
        <dir>
            <info compressed="false">https://raw.githubusercontent.com/midarrlabs/repository.midarr/main/repo/zips/addons.xml</info>
            <checksum>https://raw.githubusercontent.com/midarrlabs/repository.midarr/main/repo/zips/addons.xml.md5</checksum>
            <datadir zip="true">https://raw.githubusercontent.com/midarrlabs/repository.midarr/main/repo/zips/</datadir>
        </dir>
        <dir minversion="20.0">
            <info compressed="false">https://raw.githubusercontent.com/midarrlabs/repository.midarr/main/nexus/zips/addons.xml</info>
            <checksum>https://raw.githubusercontent.com/midarrlabs/repository.midarr/main/nexus/zips/addons.xml.md5</checksum>
            <datadir zip="true">https://raw.githubusercontent.com/midarrlabs/repository.midarr/main/nexus/zips/</datadir>
        </dir>
    </extension>
    <extension point="xbmc.addon.metadata">
        <summary>Midarr Labs Repository</summary>
        <platform>all</platform>
        <assets>
            <icon>icon.png</icon>
        </assets>
    </extension>
</addon>