<?xml version="1.0" encoding="UTF-8" standalone="yes"?>
<addon id="repository.midarr" version="1.0.0" name="Midarr Labs repository" provider-name="midarrlabs">
    <extension point="xbmc.addon.repository" name="Midarr Labs repository">
        <dir>
            <info compressed="false">https://raw.githubusercontent.com/midarrlabs/repository.midarr/main/release/repository.midarr/addons.xml</info>
            <checksum>https://raw.githubusercontent.com/midarrlabs/repository.midarr/main/release/repository.midarr/addons.xml.md5</checksum>
            <datadir>https://github.com/midarrlabs/repository.midarr/raw/main/release/</datadir>
        </dir>
        <dir>
            <info compressed="false">https://raw.githubusercontent.com/midarrlabs/repository.midarr/main/release/plugin.video.midarr/addon.xml</info>
            <checksum>https://raw.githubusercontent.com/midarrlabs/repository.midarr/main/release/plugin.video.midarr/addons.xml.md5</checksum>
            <datadir>https://github.com/midarrlabs/repository.midarr/raw/main/release/plugin.video.midarr</datadir>
        </dir>
    </extension>
    <extension point="xbmc.addon.metadata">
        <summary lang="en">Kodi repository for Midarr addons</summary>
        <description lang="en">Kodi repository for Midarr addons</description>
        <platform>all</platform>
        <assets>
            <icon>icon.png</icon>
        </assets>
        <nofanart>true</nofanart>
    </extension>
</addon>