<?xml version="1.0" encoding="UTF-8"?>
<addon id="plugin.video.midarr" version="1.0.0" name="Midarr" provider-name="Midarr Labs">
  <requires>
    <import addon="xbmc.python" version="3.0.1"/>
  </requires>
  <extension point="xbmc.addon.repository" name="midarrlabs">
    <dir>
      <info compressed="false">https://raw.githubusercontent.com/midarrlabs/repository.midarr/main/repo/zips/addons.xml</info>
      <checksum>https://raw.githubusercontent.com/midarrlabs/repository.midarr/main/repo/zips/addons.xml.md5</checksum>
      <datadir zip="true">https://raw.githubusercontent.com/midarrlabs/repository.midarr/main/repo/zips/</datadir>
    </dir>
  </extension>
  <extension point="xbmc.python.pluginsource" library="addon.py">
    <provides>video</provides>
  </extension>
  <extension point="xbmc.addon.metadata">
    <summary lang="en_GB">Midarr</summary>
    <description lang="en_GB">Official Midarr for Kodi add-on</description>
    <disclaimer lang="en_GB">https://github.com/midarrlabs/repository.midarr</disclaimer>
    <license>MIT</license>
    <source>https://github.com/midarrlabs/repository.midarr</source>
    <assets>
      <icon>icon.png</icon>
    </assets>
  </extension>
</addon>
